dataset,encode_thr_up,encode_thr_dn,encode_refractory,encode_interpfact,firing_rate,svm_score,svm_score_baseline,fold
roshambo,0.1,0.1,0.0,5.0,671.8139583333334,0.7833333333333333,0.5726666666666667,1.0
roshambo,0.1,0.1,0.0,5.0,678.4260416666667,0.7933333333333333,0.582,2.0
roshambo,0.1,0.1,0.0,5.0,681.3937500000001,0.7966666666666666,0.5693333333333334,3.0
